config	module	expected	property	deadlock	group	gate	debt
MCCardMachine.cfg	MCCardMachine.tla	pass	-	ignore-terminal	cardmachine	bench	layer-2-original-instance-over-budget
MCSprintEvents.cfg	MCSprintEvents.tla	pass	-	ignore-terminal	sprintevents	required	-
MCSprintEventsCursor.cfg	MCSprintEvents.tla	pass	-	ignore-terminal	sprintevents	required	-
MCSprintEventsProbe.cfg	MCSprintEvents.tla	pass	-	ignore-terminal	sprintevents	required	-
MCSprintEventsStop.cfg	MCSprintEvents.tla	pass	-	ignore-terminal	sprintevents	required	-
MCSprintEventsLimit.cfg	MCSprintEvents.tla	pass	-	ignore-terminal	sprintevents	required	-
MCSprintEventsReview.cfg	MCSprintEvents.tla	pass	-	ignore-terminal	sprintevents	required	-
MCSprintEventsMulti.cfg	MCSprintEvents.tla	pass	-	ignore-terminal	sprintevents	required	-
MCSprintEventsMultiReach.cfg	MCSprintEvents.tla	action	ProbeTwoMoves	ignore-terminal	sprintevents	required	-
MCSprintEventsLand.cfg	MCSprintEvents.tla	pass	-	ignore-terminal	sprintevents-land	required	-
MCSprintEventsFaults.cfg	MCSprintEvents.tla	pass	-	ignore-terminal	sprintevents-faults	required	-
MCSprintEventsFleet.cfg	MCSprintEvents.tla	pass	-	ignore-terminal	sprintevents-fleet	required	-
MCSprintEventsLease.cfg	MCSprintEvents.tla	pass	-	ignore-terminal	sprintevents-lease	required	-
MCSprintEventsC6.cfg	MCSprintEvents.tla	pass	-	ignore-terminal	sprintevents-lease	required	-
MCSprintEventsW6.cfg	MCSprintEvents.tla	action	LeaseSafe	ignore-terminal	sprintevents-lease	required	-
MCSprintEventsLeaseErr.cfg	MCSprintEvents.tla	pass	-	ignore-terminal	sprintevents-lease	required	-
MCSprintEventsC1.cfg	MCSprintEvents.tla	pass	-	ignore-terminal	sprintevents-loops	required	-
MCSprintEventsW1.cfg	MCSprintEvents.tla	pass	-	ignore-terminal	sprintevents-loops	required	-
MCSprintEventsDrop.cfg	MCSprintEvents.tla	pass	-	ignore-terminal	sprintevents-drop	required	-
MCSprintEventsDrop2.cfg	MCSprintEvents.tla	pass	-	ignore-terminal	sprintevents-drop	required	-
MCSprintEventsDrop2Reach.cfg	MCSprintEvents.tla	invariant	ProbeTwoDrops	ignore-terminal	sprintevents-drop	required	-
MCSprintEventsFreezeReach.cfg	MCSprintEvents.tla	action	ProbeReread	ignore-terminal	sprintevents-drop	required	-
MCSprintEventsC13.cfg	MCSprintEvents.tla	pass	-	ignore-terminal	sprintevents-drop	required	-
MCSprintEventsC14.cfg	MCSprintEvents.tla	pass	-	ignore-terminal	sprintevents-drop	required	-
MCSprintEventsW13.cfg	MCSprintEvents.tla	action	DropComplete	ignore-terminal	sprintevents-drop	required	-
MCSprintEventsW14.cfg	MCSprintEvents.tla	action	DropComplete	ignore-terminal	sprintevents-drop	required	-
MCSprintEventsC2.cfg	MCSprintEvents.tla	pass	-	ignore-terminal	sprintevents-controls-a	required	-
MCSprintEventsC3.cfg	MCSprintEvents.tla	pass	-	ignore-terminal	sprintevents-controls-a	required	-
MCSprintEventsC4.cfg	MCSprintEvents.tla	pass	-	ignore-terminal	sprintevents-controls-a	required	-
MCSprintEventsC5.cfg	MCSprintEvents.tla	pass	-	ignore-terminal	sprintevents-controls-a	required	-
MCSprintEventsC7.cfg	MCSprintEvents.tla	pass	-	ignore-terminal	sprintevents-controls-a	required	-
MCSprintEventsC7b.cfg	MCSprintEvents.tla	pass	-	ignore-terminal	sprintevents-controls-a	required	-
MCSprintEventsC8.cfg	MCSprintEvents.tla	pass	-	ignore-terminal	sprintevents-controls-a	required	-
MCSprintEventsC9.cfg	MCSprintEvents.tla	pass	-	ignore-terminal	sprintevents-controls-a	required	-
MCSprintEventsC10.cfg	MCSprintEvents.tla	pass	-	ignore-terminal	sprintevents-controls-a	required	-
MCSprintEventsC11.cfg	MCSprintEvents.tla	pass	-	ignore-terminal	sprintevents-controls-a	required	-
MCSprintEventsC12.cfg	MCSprintEvents.tla	pass	-	ignore-terminal	sprintevents-controls-a	required	-
MCSprintEventsC15.cfg	MCSprintEvents.tla	pass	-	ignore-terminal	sprintevents-controls-b	required	-
MCSprintEventsC16.cfg	MCSprintEvents.tla	pass	-	ignore-terminal	sprintevents-controls-b	required	-
MCSprintEventsC17.cfg	MCSprintEvents.tla	pass	-	ignore-terminal	sprintevents-controls-b	required	-
MCSprintEventsC18.cfg	MCSprintEvents.tla	pass	-	ignore-terminal	sprintevents-controls-b	required	-
MCSprintEventsC19.cfg	MCSprintEvents.tla	pass	-	ignore-terminal	sprintevents-controls-b	required	-
MCSprintEventsC20.cfg	MCSprintEvents.tla	pass	-	ignore-terminal	sprintevents-controls-b	required	-
MCSprintEventsC21.cfg	MCSprintEvents.tla	pass	-	ignore-terminal	sprintevents-controls-b	required	-
MCSprintEventsC22.cfg	MCSprintEvents.tla	pass	-	ignore-terminal	sprintevents-controls-b	required	-
MCSprintEventsC23.cfg	MCSprintEvents.tla	pass	-	ignore-terminal	sprintevents-controls-b	required	-
MCSprintEventsC24.cfg	MCSprintEvents.tla	pass	-	ignore-terminal	sprintevents-controls-b	required	-
MCSprintEventsC25.cfg	MCSprintEvents.tla	pass	-	ignore-terminal	sprintevents-controls-b	required	-
MCSprintEventsC26.cfg	MCSprintEvents.tla	pass	-	ignore-terminal	sprintevents-controls-b	required	-
MCSprintEventsC27.cfg	MCSprintEvents.tla	pass	-	ignore-terminal	sprintevents-controls-b	required	-
MCSprintEventsC28.cfg	MCSprintEvents.tla	pass	-	ignore-terminal	sprintevents-controls-b	required	-
MCSprintEventsC29.cfg	MCSprintEvents.tla	pass	-	ignore-terminal	sprintevents-controls-b	required	-
MCSprintEventsC31.cfg	MCSprintEvents.tla	pass	-	ignore-terminal	sprintevents-controls-b	required	-
MCSprintEventsW2.cfg	MCSprintEvents.tla	invariant	NoLostWork	ignore-terminal	sprintevents-witnesses-a	required	-
MCSprintEventsW3.cfg	MCSprintEvents.tla	invariant	DueAgrees	ignore-terminal	sprintevents-witnesses-a	required	-
MCSprintEventsW4.cfg	MCSprintEvents.tla	invariant	PositionHolds	ignore-terminal	sprintevents-witnesses-a	required	-
MCSprintEventsW5.cfg	MCSprintEvents.tla	invariant	PositionHolds	ignore-terminal	sprintevents-witnesses-a	required	-
MCSprintEventsW5Reach.cfg	MCSprintEvents.tla	invariant	Answerable	ignore-terminal	sprintevents-witnesses-a	required	-
MCSprintEventsW7a.cfg	MCSprintEvents.tla	temporal	Progress	ignore-terminal	sprintevents-witnesses-a	required	-
MCSprintEventsW7b.cfg	MCSprintEvents.tla	action	RedealsCounted	ignore-terminal	sprintevents-witnesses-a	required	-
MCSprintEventsW8.cfg	MCSprintEvents.tla	invariant	OpenExact	ignore-terminal	sprintevents-witnesses-a	required	-
MCSprintEventsW9.cfg	MCSprintEvents.tla	invariant	HeadActionable	ignore-terminal	sprintevents-witnesses-a	required	-
MCSprintEventsW10.cfg	MCSprintEvents.tla	temporal	Progress	ignore-terminal	sprintevents-witnesses-a	required	-
MCSprintEventsW11.cfg	MCSprintEvents.tla	temporal	Progress	ignore-terminal	sprintevents-witnesses-a	required	-
MCSprintEventsW12.cfg	MCSprintEvents.tla	temporal	HoldEnds	ignore-terminal	sprintevents-witnesses-a	required	-
MCSprintEventsW15.cfg	MCSprintEvents.tla	action	ChunkProgress	ignore-terminal	sprintevents-witnesses-b	required	-
MCSprintEventsW16.cfg	MCSprintEvents.tla	invariant	WaitHolds	ignore-terminal	sprintevents-witnesses-b	required	-
MCSprintEventsW17.cfg	MCSprintEvents.tla	invariant	UniqueScores|ScoresBelowCounter	ignore-terminal	sprintevents-witnesses-b	required	-
MCSprintEventsW18.cfg	MCSprintEvents.tla	action	PlaceOnlyUp	ignore-terminal	sprintevents-witnesses-b	required	-
MCSprintEventsW19.cfg	MCSprintEvents.tla	action	HeldSticky	ignore-terminal	sprintevents-witnesses-b	required	-
MCSprintEventsW20.cfg	MCSprintEvents.tla	invariant	StoppedJudgmentTrue	ignore-terminal	sprintevents-witnesses-b	required	-
MCSprintEventsW21.cfg	MCSprintEvents.tla	invariant	Answerable	ignore-terminal	sprintevents-witnesses-b	required	-
MCSprintEventsW22.cfg	MCSprintEvents.tla	invariant	NeedsHold	ignore-terminal	sprintevents-witnesses-b	required	-
MCSprintEventsW23.cfg	MCSprintEvents.tla	temporal	Progress	ignore-terminal	sprintevents-witnesses-b	required	-
MCSprintEventsW24.cfg	MCSprintEvents.tla	invariant	NoLostWork	ignore-terminal	sprintevents-witnesses-b	required	-
MCSprintEventsW25.cfg	MCSprintEvents.tla	pass	-	ignore-terminal	sprintevents-witnesses-b	required	-
MCSprintEventsW26.cfg	MCSprintEvents.tla	invariant	NeedsHold	ignore-terminal	sprintevents-witnesses-b	required	-
MCSprintEventsW27.cfg	MCSprintEvents.tla	invariant	NoLostWork	ignore-terminal	sprintevents-witnesses-b	required	-
MCSprintEventsW28.cfg	MCSprintEvents.tla	invariant	DealTakesTurns	ignore-terminal	sprintevents-witnesses-b	required	-
MCSprintEventsW29.cfg	MCSprintEvents.tla	invariant	DealGoesRound	ignore-terminal	sprintevents-witnesses-b	required	-
MCSprintEventsW31.cfg	MCSprintEvents.tla	action	DealtBoundHeld	ignore-terminal	sprintevents-witnesses-b	required	-
MCSprintEventsGoalNamed.cfg	MCSprintEvents.tla	temporal	ProgressLiteral	ignore-terminal	sprintevents-goals	required	-
MCSprintEventsGoalStopped.cfg	MCSprintEvents.tla	temporal	Progress	ignore-terminal	sprintevents-goals	required	-
MCSprintEventsGoalSpan.cfg	MCSprintEvents.tla	temporal	Progress	ignore-terminal	sprintevents-goals	required	-
MCSprintEventsGoalStale.cfg	MCSprintEvents.tla	invariant	StoppedJudgmentTrue	ignore-terminal	sprintevents-goals	required	-
MCSprintEventsGoalDrop.cfg	MCSprintEvents.tla	invariant	Answerable	ignore-terminal	sprintevents-goals	required	-
MCSprintEventsGoalMissing.cfg	MCSprintEvents.tla	invariant	IndexAgreesLiteral	ignore-terminal	sprintevents-goals	required	-
MCSprintEventsGoalCursor.cfg	MCSprintEvents.tla	invariant	CursorSoundLiteral	ignore-terminal	sprintevents-goals	required	-
MCSprintEventsGoalDue.cfg	MCSprintEvents.tla	invariant	DueAgreesLiteral	ignore-terminal	sprintevents-goals	required	-
MCSprintEventsGoalDownDeal.cfg	MCSprintEvents.tla	invariant	NoLostWork	ignore-terminal	sprintevents-goals	required	-
MCSprintEventsGoalRank.cfg	MCSprintEvents.tla	invariant	Answerable	ignore-terminal	sprintevents-goals-b	required	-
MCSprintEventsGoalTakeRoom.cfg	MCSprintEvents.tla	invariant	NoLostWork	ignore-terminal	sprintevents-goals-b	required	-
MCSprintEventsGoalSeen.cfg	MCSprintEvents.tla	invariant	NoLostWork	ignore-terminal	sprintevents-goals-b	required	-
MCSprintEventsGoalMade.cfg	MCSprintEvents.tla	invariant	Answerable	ignore-terminal	sprintevents-goals-b	required	-
MCSprintEventsGoalCut.cfg	MCSprintEvents.tla	invariant	Answerable	ignore-terminal	sprintevents-goals-b	required	-
MCSprintEventsGoalFreeze.cfg	MCSprintEvents.tla	action	DropComplete	ignore-terminal	sprintevents-goals-b	required	-
MCSprintEventsGoalDropAck.cfg	MCSprintEvents.tla	invariant	Answerable	ignore-terminal	sprintevents-goals-b	required	-
MCSprintEventsGoalInsert.cfg	MCSprintEvents.tla	invariant	Answerable	ignore-terminal	sprintevents-goals-b	required	-
MCSprintEventsGoalStaleClose.cfg	MCSprintEvents.tla	invariant	StoppedJudgmentTrue	ignore-terminal	sprintevents-goals-b	required	-
MCSprintEventsGoalStaleRaise.cfg	MCSprintEvents.tla	action	StoppedRaiseFresh	ignore-terminal	sprintevents-goals-b	required	-
MCSprintEventsGoalDropAdd.cfg	MCSprintEvents.tla	invariant	Answerable	ignore-terminal	sprintevents-goals-b	required	-
MCSprintEventsGoalRankSelf.cfg	MCSprintEvents.tla	invariant	Answerable	ignore-terminal	sprintevents-goals-b	required	-
MCSprintEventsGoalRearm.cfg	MCSprintEvents.tla	temporal	ProgressScoped	ignore-terminal	sprintevents-goals-b	required	-
MCSprintEventsGoalStaleFleet.cfg	MCSprintEvents.tla	action	StoppedRaiseFresh	ignore-terminal	sprintevents-goals-b	required	-
MCSprintEventsGoalPlace.cfg	MCSprintEvents.tla	invariant	UnplacedNamed	ignore-terminal	sprintevents-goals-b	required	-
MCSprintEventsRepairDownDeal.cfg	MCSprintEvents.tla	pass	-	ignore-terminal	sprintevents-repairs	required	-
MCSprintEventsRepairDrop.cfg	MCSprintEvents.tla	pass	-	ignore-terminal	sprintevents-repairs	required	-
MCSprintEventsRepairRank.cfg	MCSprintEvents.tla	pass	-	ignore-terminal	sprintevents-repairs	required	-
MCSprintEventsRepairTakeRoom.cfg	MCSprintEvents.tla	pass	-	ignore-terminal	sprintevents-repairs	required	-
MCSprintEventsRepairDropAck.cfg	MCSprintEvents.tla	pass	-	ignore-terminal	sprintevents-repairs	required	-
MCSprintEventsRepairStopped.cfg	MCSprintEvents.tla	pass	-	ignore-terminal	sprintevents-repairs	required	-
MCSprintEventsRepairStale.cfg	MCSprintEvents.tla	pass	-	ignore-terminal	sprintevents-repairs	required	-
MCSprintEventsInsert.cfg	MCSprintEvents.tla	pass	-	ignore-terminal	sprintevents-repairs	required	-
MCSprintEventsRepairDropAdd.cfg	MCSprintEvents.tla	pass	-	ignore-terminal	sprintevents-repairs	required	-
MCSprintEventsRepairRankSelf.cfg	MCSprintEvents.tla	pass	-	ignore-terminal	sprintevents-repairs	required	-
MCSprintEventsRepairRearm.cfg	MCSprintEvents.tla	pass	-	ignore-terminal	sprintevents-repairs	required	-
MCSprintEventsRepairStaleRaise.cfg	MCSprintEvents.tla	pass	-	ignore-terminal	sprintevents-repairs	required	-
MCSprintEventsRepairPlace.cfg	MCSprintEvents.tla	pass	-	ignore-terminal	sprintevents-repairs	required	-
MCWorkImport.cfg	MCWorkImport.tla	pass	-	ignore-terminal	workimport	required	-
MCWorkImportBrokenExternal.cfg	MCWorkImport.tla	invariant	ExternalStaysOpen	ignore-terminal	workimport	required	-
MCWorkImportBrokenNoReceipt.cfg	MCWorkImport.tla	invariant	DestructiveOnlyWithReceipt	ignore-terminal	workimport	required	-
MCWorkImportBrokenNoReopen.cfg	MCWorkImport.tla	invariant	ExportRestores	ignore-terminal	workimport	required	-
MCWorkImportBrokenPartial.cfg	MCWorkImport.tla	invariant	TreeIsWhole	ignore-terminal	workimport	required	-
MCWorkImportBrokenStale.cfg	MCWorkImport.tla	invariant	Lossless	ignore-terminal	workimport	required	-
MCDirtyTick.cfg	MCDirtyTick.tla	pass	-	ignore-terminal	dirtytick	required	-
MCDirtyTickThree.cfg	MCDirtyTick.tla	pass	-	ignore-terminal	dirtytick-three	required	-
MCDirtyTickSent.cfg	MCDirtyTick.tla	pass	-	ignore-terminal	dirtytick-small	required	-
MCDirtyTickFair.cfg	MCDirtyTick.tla	pass	-	ignore-terminal	dirtytick-small	required	-
MCDirtyTickBlind.cfg	MCDirtyTick.tla	pass	-	ignore-terminal	dirtytick-small	required	-
MCDirtyTickWidth.cfg	MCDirtyTick.tla	pass	-	ignore-terminal	dirtytick-small	required	-
MCDirtyTickCold.cfg	MCDirtyTick.tla	pass	-	ignore-terminal	dirtytick-small	required	-
MCDirtyTickLand.cfg	MCDirtyTick.tla	pass	-	ignore-terminal	dirtytick-small	required	-
MCDirtyTickRework.cfg	MCDirtyTick.tla	pass	-	ignore-terminal	dirtytick-small	required	-
MCDirtyTickFin.cfg	MCDirtyTick.tla	pass	-	ignore-terminal	dirtytick-small	required	-
MCDirtyTickLapse.cfg	MCDirtyTick.tla	pass	-	ignore-terminal	dirtytick-small	required	-
MCDirtyTickProbeLanded.cfg	MCDirtyTick.tla	invariant	ProbeNotAllLanded	ignore-terminal	dirtytick	required	-
MCDirtyTickProbeBound.cfg	MCDirtyTick.tla	invariant	ProbeNoBound	ignore-terminal	dirtytick	required	-
MCDirtyTickProbeLateDrain.cfg	MCDirtyTick.tla	invariant	ProbeNoLateDrain	ignore-terminal	dirtytick	required	-
MCDirtyTickW1.cfg	MCDirtyTick.tla	action	EveryRowWithWorkMoves	ignore-terminal	dirtytick-witnesses	required	-
MCDirtyTickW2.cfg	MCDirtyTick.tla	invariant	WorkPumpedOnce	ignore-terminal	dirtytick-witnesses	required	-
MCDirtyTickW3.cfg	MCDirtyTick.tla	action	ThreeQueuesEmptyAtTickEnd	ignore-terminal	dirtytick-witnesses	required	-
MCDirtyTickW4.cfg	MCDirtyTick.tla	action	PlacementsRound	ignore-terminal	dirtytick-witnesses	required	-
MCDirtyTickW5.cfg	MCDirtyTick.tla	invariant	OneWakePerTick	ignore-terminal	dirtytick-witnesses	required	-
MCDirtyTickW6.cfg	MCDirtyTick.tla	action	WorkChangesOnlyInPump|WorkAdvancesOnlyInThePump	ignore-terminal	dirtytick-witnesses	required	-
MCDirtyTickW7.cfg	MCDirtyTick.tla	action	StreamFairness|PlacementsRound	ignore-terminal	dirtytick-witnesses	required	-
MCDirtyTickW7b.cfg	MCDirtyTick.tla	action	StreamFairness	ignore-terminal	dirtytick-witnesses	required	-
MCDirtyTickW8.cfg	MCDirtyTick.tla	action	WorkChangesOnlyInPump	ignore-terminal	dirtytick-witnesses	required	-
MCDirtyTickW9.cfg	MCDirtyTick.tla	invariant	NothingLost	ignore-terminal	dirtytick-witnesses	required	-
MCDirtyTickW10.cfg	MCDirtyTick.tla	invariant	NothingLost	ignore-terminal	dirtytick-witnesses	required	-
MCDirtyTickW11.cfg	MCDirtyTick.tla	action	EveryRowWithWorkMoves	ignore-terminal	dirtytick-witnesses	required	-
MCDirtyTickW12.cfg	MCDirtyTick.tla	temporal	WorkNotStranded	ignore-terminal	dirtytick-witnesses	required	-
MCDirtyTickW13.cfg	MCDirtyTick.tla	invariant	TickBounded	ignore-terminal	dirtytick-witnesses	required	-
MCDirtyTickW14.cfg	MCDirtyTick.tla	action	NoWakeIfNothing	ignore-terminal	dirtytick-witnesses	required	-
MCDirtyTickW15.cfg	MCDirtyTick.tla	invariant	WidthRespected	ignore-terminal	dirtytick-witnesses	required	-
MCDirtyTickG1.cfg	MCDirtyTick.tla	invariant	TickBounded	ignore-terminal	dirtytick-goals	required	-
MCDirtyTickG1Live.cfg	MCDirtyTick.tla	temporal	Terminates	ignore-terminal	dirtytick-goals	required	-
MCDirtyTickG2.cfg	MCDirtyTick.tla	invariant	WidthRespected	ignore-terminal	dirtytick-goals	required	-
MCDirtyTickG3.cfg	MCDirtyTick.tla	action	WorkChangesOnlyInPump	ignore-terminal	dirtytick-goals	required	-
MCDirtyTickTake.cfg	MCDirtyTick.tla	pass	-	ignore-terminal	dirtytick-small	required	-
MCDirtyTickMiss.cfg	MCDirtyTick.tla	pass	-	ignore-terminal	dirtytick-small	required	-
MCDirtyTickAccept.cfg	MCDirtyTick.tla	pass	-	ignore-terminal	dirtytick-small	required	-
MCDirtyTickProbeRedealBound.cfg	MCDirtyTick.tla	invariant	ProbeNoRedealBound	ignore-terminal	dirtytick	required	-
MCDirtyTickProbeHeldAccept.cfg	MCDirtyTick.tla	invariant	ProbeNoHeldAccept	ignore-terminal	dirtytick	required	-
MCDirtyTickW16.cfg	MCDirtyTick.tla	action	AcceptHolds	ignore-terminal	dirtytick-witnesses	required	-
MCDirtyTickW17.cfg	MCDirtyTick.tla	invariant	RedealsAreEndedTakes	ignore-terminal	dirtytick-witnesses	required	-
MCDirtyTickW18.cfg	MCDirtyTick.tla	action	RedealBoundHolds	ignore-terminal	dirtytick-witnesses	required	-
MCDirtyTickW19.cfg	MCDirtyTick.tla	action	AcceptHolds	ignore-terminal	dirtytick-witnesses	required	-
MCDirtyTickRoute.cfg	MCDirtyTick.tla	pass	-	ignore-terminal	dirtytick-small	required	-
MCDirtyTickW20.cfg	MCDirtyTick.tla	invariant	RouteGuard	ignore-terminal	dirtytick-witnesses	required	-
MCDirtyTickReader.cfg	MCDirtyTick.tla	pass	-	ignore-terminal	dirtytick-small	required	-
MCDirtyTickReaderAway.cfg	MCDirtyTick.tla	pass	-	ignore-terminal	dirtytick-small	required	-
MCDirtyTickW21.cfg	MCDirtyTick.tla	invariant	ReadsStandOnReadersUp	ignore-terminal	dirtytick-witnesses	required	-
MCDirtyTickW22.cfg	MCDirtyTick.tla	invariant	ReadsStandOnReadersUp	ignore-terminal	dirtytick-witnesses	required	-
MCDirtyTickW23.cfg	MCDirtyTick.tla	action	LapseNeedsMisses	ignore-terminal	dirtytick-witnesses	required	-
MCDirtyTickHandBack.cfg	MCDirtyTick.tla	pass	-	ignore-terminal	dirtytick-handback	required	-
MCDirtyTickW24.cfg	MCDirtyTick.tla	invariant	NothingLost	ignore-terminal	dirtytick-witnesses	required	-
MCDirtyTickHandBackAlone.cfg	MCDirtyTick.tla	pass	-	ignore-terminal	dirtytick-handback	required	-
MCDirtyTickW25.cfg	MCDirtyTick.tla	invariant	JudgedOnlyAfterTheBound	ignore-terminal	dirtytick-witnesses	required	-
MCDirtyTickHandBackBound.cfg	MCDirtyTick.tla	pass	-	ignore-terminal	dirtytick-handback	required	-
MCDirtyTickProbeReask.cfg	MCDirtyTick.tla	invariant	ProbeNoReask	ignore-terminal	dirtytick	required	-
MCDirtyTickProbeJudged.cfg	MCDirtyTick.tla	invariant	ProbeNoJudged	ignore-terminal	dirtytick	required	-
MCDirtyTickW26.cfg	MCDirtyTick.tla	invariant	ReasksBounded	ignore-terminal	dirtytick-witnesses	required	-
MCDirtyTickW27.cfg	MCDirtyTick.tla	invariant	StrandingIsJudged	ignore-terminal	dirtytick-witnesses	required	-
MCDirtyTickHandBackLapse.cfg	MCDirtyTick.tla	pass	-	ignore-terminal	dirtytick-handback	required	-
MCDirtyTickW28.cfg	MCDirtyTick.tla	invariant	StrandingIsJudged	ignore-terminal	dirtytick-witnesses	required	-
MCDirtyTickHandBackLiveBound.cfg	MCDirtyTick.tla	pass	-	ignore-terminal	dirtytick-handback-live	required	-
MCDirtyTickHandBackLiveLapse.cfg	MCDirtyTick.tla	pass	-	ignore-terminal	dirtytick-handback-live-lapse	required	-
MCDirtyTickReworkBound.cfg	MCDirtyTick.tla	pass	-	ignore-terminal	dirtytick-small	required	-
MCDirtyTickProbeBoundAgain.cfg	MCDirtyTick.tla	invariant	ProbeNoBoundAgain	ignore-terminal	dirtytick	required	-
MCDirtyTickW29.cfg	MCDirtyTick.tla	invariant	ReworksBounded	ignore-terminal	dirtytick-witnesses	required	-
MCDirtyTickW30.cfg	MCDirtyTick.tla	invariant	ReworksBounded	ignore-terminal	dirtytick-witnesses	required	-
MCDirtyTickW31.cfg	MCDirtyTick.tla	invariant	ReworksBounded	ignore-terminal	dirtytick-witnesses	required	-
MCDirtyTickRead.cfg	MCDirtyTickRead.tla	pass	-	ignore-terminal	dirtytickread	required	-
MCDirtyTickReadAcquire.cfg	MCDirtyTickRead.tla	invariant	TwinIsTheStore	ignore-terminal	dirtytickread-acquire	required	-
MCDirtyTickReadHalt.cfg	MCDirtyTickRead.tla	invariant	BeganRunning	ignore-terminal	dirtytickread-halt	required	-
MCDirtyTickReadCatchup.cfg	MCDirtyTickRead.tla	invariant	ViewIsSnapshot	ignore-terminal	dirtytickread-catchup	required	-
MCDirtyTickReadLock.cfg	MCDirtyTickRead.tla	invariant	LockedApplyNotLost	ignore-terminal	dirtytickread-lock	required	-
MCRouteIndex.cfg	MCRouteIndex.tla	pass	-	ignore-terminal	routeindex	required	-
MCRouteIndexBrokenRandom.cfg	MCRouteIndex.tla	invariant	RouteFair	ignore-terminal	routeindex	required	-
MCRouteIndexBrokenNoAdvance.cfg	MCRouteIndex.tla	invariant	ExcludedNeverDrawn	ignore-terminal	routeindex	required	-
MCRouteIndexReachSkip.cfg	MCRouteIndex.tla	invariant	ReachSkip	ignore-terminal	routeindex	required	-
MCRouteIndexBrokenReadApart.cfg	MCRouteIndex.tla	invariant	RouteIndexAdvancesOncePerCard	ignore-terminal	routeindex	required	-
MCLand.cfg	MCLand.tla	pass	-	ignore-terminal	land	required	-
MCLandRecovers.cfg	MCLand.tla	pass	-	ignore-terminal	land	required	-
MCLandBrokenReportFirst.cfg	MCLand.tla	invariant	LandedInBase	ignore-terminal	land	required	-
MCLandBrokenLateEpoch.cfg	MCLand.tla	invariant	CallerEpochCheckedBeforePush	ignore-terminal	land	required	-
MCLandBrokenNoGuard.cfg	MCLand.tla	invariant	LandedInBase	ignore-terminal	land	required	-
MCLandReachStranded.cfg	MCLand.tla	invariant	ReachStranded	ignore-terminal	land	required	-
MCLandBrokenIdGuard.cfg	MCLand.tla	invariant	LandedInBase	ignore-terminal	land	required	-
MCLandReachStalePush.cfg	MCLand.tla	invariant	ReachStalePush	ignore-terminal	land	required	-
MCLandBrokenNoEpoch.cfg	MCLand.tla	invariant	ReportHoldsTheEpoch	ignore-terminal	land	required	-
MCLandBrokenOwnStops.cfg	MCLand.tla	invariant	NeverStoppedByOwn	ignore-terminal	land	required	-
MCLandBrokenNoCarry.cfg	MCLand.tla	invariant	CarriedHead	ignore-terminal	land	required	-
MCLandReachLandsOn.cfg	MCLand.tla	invariant	ReachLandsOn	ignore-terminal	land	required	-
MCLandReachReview.cfg	MCLand.tla	invariant	ReachReview	ignore-terminal	land	required	-
MCSprintEventsC30.cfg	MCSprintEvents.tla	pass	-	ignore-terminal	sprintevents-controls-b	required	-
MCSprintEventsW30.cfg	MCSprintEvents.tla	action	NextNotReached	ignore-terminal	sprintevents-witnesses-b	required	-
MCLevel.cfg	MCLevel.tla	pass	-	ignore-terminal	level	required	-
MCLevelFour.cfg	MCLevel.tla	pass	-	ignore-terminal	level	required	-
MCLevelOldRuleNoRequeue.cfg	MCLevel.tla	pass	-	ignore-terminal	level	required	-
MCLevelBrokenOld.cfg	MCLevel.tla	temporal	Terminates	ignore-terminal	level	required	-
MCLevelBrokenNoGap.cfg	MCLevel.tla	temporal	Terminates	ignore-terminal	level	required	-
MCLevelBrokenRequeue.cfg	MCLevel.tla	invariant	MovesBounded	ignore-terminal	level	required	-
MCLevelBrokenNaive.cfg	MCLevel.tla	invariant	SelectionComplete	ignore-terminal	level	required	-
MCLevelBrokenNoSkip.cfg	MCLevel.tla	invariant	NeverOnARefuser	ignore-terminal	level	required	-
MCTimer.cfg	MCTimer.tla	pass	-	ignore-terminal	timer	required	-
MCTimerBrokenTwice.cfg	MCTimer.tla	invariant	AtMostOnce	ignore-terminal	timer	required	-
MCTimerBrokenEarly.cfg	MCTimer.tla	invariant	NeverEarly	ignore-terminal	timer	required	-
MCTimerBrokenLost.cfg	MCTimer.tla	temporal	NoLapse	ignore-terminal	timer	required	-
MCSeatHealth.cfg	MCSeatHealth.tla	pass	-	ignore-terminal	seathealth	required	-
MCSeatHealthBrokenNoFence.cfg	MCSeatHealth.tla	action	AcceptedAtTheSeat	ignore-terminal	seathealth	required	-
MCSeatHealthBrokenOlderProof.cfg	MCSeatHealth.tla	action	ProofNeverGoesBack	ignore-terminal	seathealth	required	-
MCSeatHealthBrokenBeatWins.cfg	MCSeatHealth.tla	invariant	ObservedNeverUpByBeat	ignore-terminal	seathealth	required	-
MCSeatHealthBrokenNoExpiry.cfg	MCSeatHealth.tla	invariant	UpOnlyOnFreshProof	ignore-terminal	seathealth	required	-
MCSeatHealthBrokenSameGen.cfg	MCSeatHealth.tla	action	GenerationStepsWithTheSeat	ignore-terminal	seathealth	required	-
MCSeatHealthBrokenFuture.cfg	MCSeatHealth.tla	invariant	ProofNeverAhead	ignore-terminal	seathealth	required	-
MCSprintRulesTwins.cfg	MCSprintRules.tla	pass	-	ignore-terminal	sprintrules	required	-
MCSprintRulesTwinsBrokenNoRepoint.cfg	MCSprintRules.tla	invariant	TwinsInherit	ignore-terminal	sprintrules	required	-
MCSprintRulesTwinsBrokenSilent.cfg	MCSprintRules.tla	invariant	NoDanglingNeed	ignore-terminal	sprintrules	required	-
MCSprintRulesRules.cfg	MCSprintRules.tla	pass	-	ignore-terminal	sprintrules	required	-
MCSprintRulesRulesBrokenNoCap.cfg	MCSprintRules.tla	invariant	RuleAttemptsBounded	ignore-terminal	sprintrules	required	-
MCSprintRulesRulesBrokenDown.cfg	MCSprintRules.tla	action	LadderClimbs	ignore-terminal	sprintrules	required	-
MCSprintRulesLate.cfg	MCSprintRules.tla	pass	-	ignore-terminal	sprintrules	required	-
MCSprintRulesLateBrokenWaitAlways.cfg	MCSprintRules.tla	invariant	WaitOnce	ignore-terminal	sprintrules	required	-
MCSprintRulesLateBrokenReturnUnstamped.cfg	MCSprintRules.tla	invariant	NeverStampedNeverReturned	ignore-terminal	sprintrules	required	-
MCSprintRulesLateReachReturn.cfg	MCSprintRules.tla	invariant	NeverReturned	ignore-terminal	sprintrules	required	-
MCSprintRulesReads.cfg	MCSprintRules.tla	pass	-	ignore-terminal	sprintrules	required	-
MCSprintRulesReadsBrokenNoBound.cfg	MCSprintRules.tla	invariant	ReadAnswersBounded	ignore-terminal	sprintrules	required	-
MCSprintRulesReadsBrokenTwinAll.cfg	MCSprintRules.tla	invariant	TwinsWiden	ignore-terminal	sprintrules	required	-
MCSprintRulesGate.cfg	MCSprintRules.tla	pass	-	ignore-terminal	sprintrules	required	-
MCSprintRulesGateBrokenStopFirst.cfg	MCSprintRules.tla	invariant	BaseStopsOnThird	ignore-terminal	sprintrules	required	-
MCSprintRulesIdle.cfg	MCSprintRules.tla	pass	-	ignore-terminal	sprintrules	required	-
MCSprintRulesIdleBrokenEveryTick.cfg	MCSprintRules.tla	invariant	AlarmOncePerEpisode	ignore-terminal	sprintrules	required	-
MCSprintRulesAnswers.cfg	MCSprintRules.tla	pass	-	ignore-terminal	sprintrules	required	-
MCSprintRulesAnswersBrokenNoFinding.cfg	MCSprintRules.tla	invariant	ReworkHasAFix	ignore-terminal	sprintrules	required	-
MCSprintRulesAnswersBrokenRecount.cfg	MCSprintRules.tla	invariant	ReworkKeepsCount	ignore-terminal	sprintrules	required	-
MCSprintRulesAnswersBrokenNoCarry.cfg	MCSprintRules.tla	invariant	ReworkCarriesHead	ignore-terminal	sprintrules	required	-
MCSprintRulesAnswersBrokenStale.cfg	MCSprintRules.tla	invariant	LateReportFinishes	ignore-terminal	sprintrules	required	-
MCSprintRulesAnswersBrokenFaultNoBound.cfg	MCSprintRules.tla	invariant	AnswerAttemptsBounded	ignore-terminal	sprintrules	required	-
MCServerLanes.cfg	MCServerLanes.tla	pass	-	ignore-terminal	serverlanes	required	-
MCServerLanesLive.cfg	MCServerLanes.tla	pass	-	ignore-terminal	serverlanes	required	-
MCServerLanesBrokenBeatOnLine.cfg	MCServerLanes.tla	invariant	BeatNeverWaitsForTheLine|LanesHoldNoLine	ignore-terminal	serverlanes	required	-
MCServerLanesBrokenReadOnLine.cfg	MCServerLanes.tla	invariant	ReadWaitsOnlyForReads|LanesHoldNoLine	ignore-terminal	serverlanes	required	-
MCServerLanesBrokenRunGone.cfg	MCServerLanes.tla	invariant	GoneNeverRuns	ignore-terminal	serverlanes	required	-
MCCoordinatorWake.cfg	MCCoordinatorWake.tla	pass	-	ignore-terminal	coordinatorwake	required	-
MCCoordinatorWakeBrokenNoCursor.cfg	MCCoordinatorWake.tla	invariant	AtMostOnce	ignore-terminal	coordinatorwake	required	-
MCCoordinatorWakeBrokenSkip.cfg	MCCoordinatorWake.tla	temporal	NoLapse	ignore-terminal	coordinatorwake	required	-
MCCardISA.cfg	MCCardISA.tla	pass	-	ignore-terminal	cardisa	required	-
MCCardISALive.cfg	MCCardISA.tla	pass	-	ignore-terminal	cardisa	required	-
MCCardISABrokenSecondLand.cfg	MCCardISA.tla	invariant	NoCardRetiresTwice	ignore-terminal	cardisa	required	-
MCCardISABrokenOtherBase.cfg	MCCardISA.tla	invariant	RetiredHeadOnBase	ignore-terminal	cardisa	required	-
MCCardISABrokenWaitFirst.cfg	MCCardISA.tla	invariant	WaitDispatchesOnlyWhenOperandHolds	ignore-terminal	cardisa	required	-
MCReadsByRoom.cfg	MCReadsByRoom.tla	pass	-	ignore-terminal	readsbyroom	required	-
MCReadsByRoomBrokenPair.cfg	MCReadsByRoom.tla	invariant	OneAtATime	ignore-terminal	readsbyroom	required	-
MCReadsByRoomBrokenPairCost.cfg	MCReadsByRoom.tla	invariant	ReadsPerLanding	ignore-terminal	readsbyroom	required	-
MCReadsByRoomBrokenCount.cfg	MCReadsByRoom.tla	invariant	WidthRespected	ignore-terminal	readsbyroom	required	-
MCReadsByRoomBrokenNoFinder.cfg	MCReadsByRoom.tla	invariant	FinderFirst	ignore-terminal	readsbyroom	required	-
MCReadsByRoomBrokenTwoFinders.cfg	MCReadsByRoom.tla	invariant	OneBroken	ignore-terminal	readsbyroom	required	-
MCStallLadder.cfg	MCStallLadder.tla	pass	-	ignore-terminal	stallladder	required	-
MCStallLadderBrokenBound.cfg	MCStallLadder.tla	invariant	NoCardHeldPastBound	ignore-terminal	stallladder	required	-
MCStallLadderBrokenRedeal.cfg	MCStallLadder.tla	invariant	NoStartedRedealt	ignore-terminal	stallladder	required	-
MCStallLadderBrokenRelease.cfg	MCStallLadder.tla	invariant	ReleasedOnlyByActivity	ignore-terminal	stallladder	required	-
MCStallLadderBrokenNoWake.cfg	MCStallLadder.tla	invariant	WokenAtEveryWakeRung	ignore-terminal	stallladder	required	-
MCStallLadderBrokenWakeInPlan.cfg	MCStallLadder.tla	invariant	NoWakeWithoutRung	ignore-terminal	stallladder	required	-
MCCoordinatorPass.cfg	MCCoordinatorPass.tla	pass	-	ignore-terminal	coordinatorpass	required	-
MCCoordinatorPassBrokenNoReraise.cfg	MCCoordinatorPass.tla	invariant	PushedEveryWindow	ignore-terminal	coordinatorpass	required	-
MCCoordinatorPassBrokenReopen.cfg	MCCoordinatorPass.tla	invariant	OneJudgmentAnEpisode	ignore-terminal	coordinatorpass	required	-
MCCoordinatorPassBrokenNoClose.cfg	MCCoordinatorPass.tla	invariant	ClosedWhenCleared	ignore-terminal	coordinatorpass	required	-
MCCoordinatorPassBehind.cfg	MCCoordinatorPass.tla	pass	-	ignore-terminal	coordinatorpass	required	-
MCCoordinatorPassBrokenDoublePush.cfg	MCCoordinatorPass.tla	invariant	OnePushATick	ignore-terminal	coordinatorpass	required	-
MCCoordinatorPassEmpty.cfg	MCCoordinatorPass.tla	pass	-	ignore-terminal	coordinatorpass	required	-
MCCoordinatorPassBrokenNoReset.cfg	MCCoordinatorPass.tla	invariant	EmptyAWholeWindow	ignore-terminal	coordinatorpass	required	-
MCCoordinatorPassPin.cfg	MCCoordinatorPass.tla	pass	-	ignore-terminal	coordinatorpass	required	-
MCCoordinatorPassBrokenPinRekey.cfg	MCCoordinatorPass.tla	invariant	OneJudgmentAnEpisode	ignore-terminal	coordinatorpass	required	-
MCCoordinatorPassStop.cfg	MCCoordinatorPass.tla	pass	-	ignore-terminal	coordinatorpass	required	-
MCCoordinatorPassBrokenSilentStop.cfg	MCCoordinatorPass.tla	invariant	StopSignalled	ignore-terminal	coordinatorpass	required	-
MCCoordinatorPassBehindEscalate.cfg	MCCoordinatorPass.tla	pass	-	ignore-terminal	coordinatorpass	required	-
MCCoordinatorPassBrokenAckForever.cfg	MCCoordinatorPass.tla	invariant	EscalatedPastAck	ignore-terminal	coordinatorpass	required	-
MCWhoPreference.cfg	MCWhoPreference.tla	pass	-	ignore-terminal	whopreference	required	-
MCWhoPreferenceOnlyWrong.cfg	MCWhoPreference.tla	invariant	OnlyToItsFriend	ignore-terminal	whopreference	required	-
MCWhoPreferenceRebalanceStarted.cfg	MCWhoPreference.tla	action	NoStartedCardMoves	ignore-terminal	whopreference	required	-
MCWhoPreferenceRebalanceTiers.cfg	MCWhoPreference.tla	invariant	RebalancedAdmitted	ignore-terminal	whopreference	required	-
MCDirtyTickRefused.cfg	MCDirtyTick.tla	pass	-	ignore-terminal	dirtytick-small	required	-
MCLandPass.cfg	MCLandPass.tla	pass	-	ignore-terminal	landpass	required	-
MCLandPassSerial.cfg	MCLandPass.tla	pass	-	ignore-terminal	landpass	required	-
MCLandPassLive.cfg	MCLandPass.tla	pass	-	ignore-terminal	landpass	required	-
MCLandPassBrokenNoGate.cfg	MCLandPass.tla	invariant	BaseAdvancesGated	ignore-terminal	landpass	required	-
MCLandPassBrokenNoCut.cfg	MCLandPass.tla	invariant	BaseKeepsLandings	ignore-terminal	landpass	required	-
MCLandPassBrokenStopCollide.cfg	MCLandPass.tla	invariant	RefusedStaysMerging	ignore-terminal	landpass	required	-
MCLandPassBrokenRevert.cfg	MCLandPass.tla	action	RefusalTouchesNoOtherStream	ignore-terminal	landpass	required	-
MCLandPassBrokenCacheDisjoint.cfg	MCLandPass.tla	invariant	CachedIsGreen	ignore-terminal	landpass	required	-
MCLandPassBrokenPushEmpty.cfg	MCLandPass.tla	invariant	BaseKeepsLandings	ignore-terminal	landpass	required	-
MCLandPassSlow.cfg	MCLandPass.tla	pass	-	ignore-terminal	landpass	required	-
MCLandPassBrokenInOrder.cfg	MCLandPass.tla	temporal	NoHeadOfLine	ignore-terminal	landpass	required	-
MCLandBisect.cfg	MCLandBisect.tla	pass	-	ignore-terminal	landbisect	required	-
MCLandBisectBrokenEach.cfg	MCLandBisect.tla	invariant	ProbesBounded	ignore-terminal	landbisect	required	-
MCLandBisectBrokenFaultBlames.cfg	MCLandBisect.tla	invariant	BlameSound	ignore-terminal	landbisect	required	-
MCLandBisectBrokenLast.cfg	MCLandBisect.tla	invariant	BlameSound	ignore-terminal	landbisect	required	-
MCLandBisectBrokenAnyLine.cfg	MCLandBisect.tla	invariant	RefusedOnlyByBench	ignore-terminal	landbisect	required	-
MCLatePush.cfg	MCLatePush.tla	pass	-	ignore-terminal	latepush	required	-
MCLatePushBrokenWipe.cfg	MCLatePush.tla	invariant	OnePushAWindow	ignore-terminal	latepush	required	-
MCLatePushBrokenForget.cfg	MCLatePush.tla	invariant	OnePushAWindow	ignore-terminal	latepush	required	-
MCLoadCache.cfg	MCLoadCache.tla	pass	-	ignore-terminal	loadcache	required	-
MCLoadCacheBrokenCatchup.cfg	MCLoadCache.tla	invariant	LoadIsSnapshot	ignore-terminal	loadcache	required	-
MCLoadCacheBrokenAhead.cfg	MCLoadCache.tla	invariant	LoadIsSnapshot	ignore-terminal	loadcache	required	-
MCLoadCacheBrokenNoMark.cfg	MCLoadCache.tla	invariant	LoadIsSnapshot	ignore-terminal	loadcache	required	-
MCRouteRest.cfg	MCRouteRest.tla	pass	-	ignore-terminal	routerest	required	-
MCRouteRestBrokenNoResult.cfg	MCRouteRest.tla	action	RestOnlyByProviderOrCoordinator	ignore-terminal	routerest	required	-
MCRouteRestBrokenBalance.cfg	MCRouteRest.tla	action	RestOnlyByProviderOrCoordinator	ignore-terminal	routerest	required	-
MCRouteRestBrokenSilent.cfg	MCRouteRest.tla	temporal	LowIsRaised	ignore-terminal	routerest	required	-
MCStatsReset.cfg	MCStatsReset.tla	pass	-	ignore-terminal	statsreset	required	-
MCStatsResetBrokenNoRebase.cfg	MCStatsReset.tla	invariant	ShownIsSinceMark	ignore-terminal	statsreset	required	-
MCStatsResetBrokenByCount.cfg	MCStatsReset.tla	invariant	ShownIsSinceMark	ignore-terminal	statsreset	required	-
MCStatsResetBrokenNoLock.cfg	MCStatsReset.tla	invariant	ShownIsSinceMark	ignore-terminal	statsreset	required	-
MCStatsResetBrokenNoStamp.cfg	MCStatsReset.tla	invariant	RecordShowsShown	ignore-terminal	statsreset	required	-
