machine	code	module	status	owed_by	note
card-lifecycle	internal/sprint/lifecycle.go,internal/sprint/store/steps.go	CardMachine,SprintEvents	stale	tla-card-lifecycle	CardMachine is the copy model of 02_card_move.lua (a primary also sits at null or done, and a copy has a leg) and SprintEvents is the event-driven tick. lifecycle.go runs six states, waiting ready working review merging landed, and names tla/SprintTables.tla, which is not in this tree. Neither module is the machine the tick runs.
card-isa	internal/sprint/lifecycle.go	CardISA	partial	tla-card-lifecycle	CardISA holds the instruction set of docs/SPEC-ISA.md: one Wait over an operand, and a result per kind, with three reversed witnesses. lifecycle.go still releases a sentinel on its own move, so the running waits are not that one action. The stale note on the sprint models does not cover this module; the running lifecycle is still the six states.
attempts-generations-epochs	internal/sprint/store/epoch.go,internal/sprint/store/clear.go,internal/sprint/rules.go	-	missing	tla-attempts-and-epochs	A card's attempts, the generation a move writes, and the epoch a clear advances are in the store. Land models the epoch only as the lander reads it, and EpochMemberTable is the table layer's epoch, not the sprint's. No module holds this machine.
reads-and-readers	internal/sprint/readers.go,internal/sprint/readers_behind.go,internal/sprint/store/reads.go,internal/sprint/store/readers.go	DirtyTickRead	partial	missed-04-tla-models-lag-four-state-machine-changb	DirtyTickRead holds one read per card and does not redeal. The code counts a re-ask when the reader hands the read back, draws a read from the tier's index, and keeps a begun read on a reader that went away (tla/README.md).
lander-and-batch	cmd/nova-sprint/land.go,cmd/nova-sprint/landgo.go,cmd/nova-sprint/landloop.go,cmd/nova-sprint/landpass.go	Land,LandPass	current	-	Land holds the batch, the check of the caller's epoch before any git, the report fenced to the epoch land read, a refusal of the card's own head reworking it (or reviewing it at its bound) with the stream going on and the lander's own failure stopping it (2026-10-06), and seven reversed witnesses. land.go still does that check. Catalog rows and generated ledgers regenerated inside a batch, and the ancestry check named by land-verify-landed-ancestry, are not in the module. LandPass holds the pass over several streams (2026-10-07): the merges in parallel up to a width, the landings one at a time in priority order, a pushed tip that passed its own gate, the combined gate, or a clean merge of disjoint files, a landing never lost by the merge after, a collision refusal that stops no stream, a tip recorded as gated only when a gate saw its whole tree (the next pass gates a disjoint merge), a re-merge that merges fewer heads or none, with six reversed witnesses and the liveness that with every tree green every batch lands; landpass.go runs those two phases.
seat-and-friend-health	internal/sprint/seat.go,internal/sprint/friend_health.go,internal/sprint/store/seat.go	SeatHealth	current	-	SeatHealth holds the seat generation and a friend's health: a proof dated after the server clock is refused, and six reversed witnesses. seat.go and friend_health.go have not changed since the module.
holds-sentinels-stops	internal/sprint/held.go,internal/sprint/steps_sentinel.go,internal/sprint/stopped.go	-	missing	tla-holds-sentinels-stops	A held card or member, a sentinel, and a stopped stream have no module of their own. CardISA folds those waits into one Wait and is not this machine.
judgments	internal/sprint/decide.go,internal/sprint/rules.go,internal/sprint/twins.go,internal/sprint/idle.go	SprintRules	partial	tla-judgments	SprintRules holds twins, the attempt bounds, the read-broken rule (rework or twin wider, left at the brief's bound), the harness-fault rework and the late report that finishes a failed attempt (Part answers), the late rule, the base gate and the idle alarm, in the same commit as the late-rule code; Part episodes holds a hard pin released past its bound (stops.go PinReleased), the cannot-ask judgment once a wait, and a rule's answer consumed by the attempt it started (2026-10-10). The judgments the tick raises, and the answers to them, are in decide.go and are not in the module.
fleet-level	internal/sprint/steps_work.go,internal/sprint/round.go	Level	current	-	Level holds the machine rebalance at the start of a tick: levelTo, a gap of at least two, both end guards, and five reversed witnesses. steps_work.go cites the module. Friend level in internal/sprint/friend_level.go, within a class, and the readers' level are outside the module, which says the readers' level is not modelled. No card named for this map owes friend level, so it is named here rather than as a row with an empty owed_by.
routes	internal/sprint/route.go,internal/sprint/route_rest.go,internal/sprint/routetable.go	RouteIndex	partial	missed-04-tla-models-lag-four-state-machine-changb	RouteIndex holds the counter, a redeal and a pinned card, and checks a read with one draw and no redeal. The code also draws a read from the reader tier's index beside work cards (tla/README.md), and a route whose first flag is set deals before the others.
server-lanes	cmd/nova-sprint/serve.go,cmd/nova-sprint/servelanes.go,cmd/nova-sprint/seriallock.go	ServerLanes	current	-	ServerLanes holds the one line of control and the beat and read lanes, with three reversed witnesses. servelanes.go still cites GoneNeverRuns. A later edit only lets a friend beat carry the flags of its report; the lane machine is unchanged.
fsck-violation-lifecycle	internal/sprint/check.go	-	missing	fsck-server-runs-and-pushes	check.go computes violations from a snapshot, so a break is found. Nothing in this tree stores a violation as found, then answered, then cleared, and no module holds that lifecycle.
work-import	cmd/nova-work/import.go,cmd/nova-work/verify.go	WorkImport	current	-	WorkImport holds an issue under import and a repository's sync, with five reversed witnesses. Later refusals, an org-wide dry run, an existing output directory, and a verify of two trees, are command guards and not new states of that machine.
tick	internal/sprint/steps_tick.go,internal/sprint/store/tick.go,internal/sprint/store/tickend.go	DirtyTick	partial	missed-04-tla-models-lag-four-state-machine-changb	DirtyTick holds the tick as shaped on 2026-09-30. The code deals up to twice a member's width and rebalances the fleet table and the readers table at the start of every tick, and the model has no such step (tla/README.md).
coordinator-wake	cmd/nova-sprint/watchwake.go	CoordinatorWake	current	-	CoordinatorWake holds the cursor written before the wake line, and a cursor that does not skip an event, with two reversed witnesses, in the same commit as watchwake.go. One cursor stands for the per-kind cursors, as the module says. The code has not changed since.
no-room-word	pkg/member/member.go,internal/sprint/store/readers.go,internal/sprint/store/engine.go,internal/sprint/store/steps.go	NoRoom	current	-	NoRoom holds a member's word from Room every tick (draining or not), its beat to the store, and the two planners that read it: the tick's deal and the fleet verbs outside the tick; three reversed witnesses (drainskip, fleetblind, tickblind). The word's staleness (NoRoomNow on a beat's age) and the read ask's reader states are outside the module.
